"","group","score"
"1","A",0.194977093487978
"2","A",0.595086708432063
"3","A",0.431075830943882
"4","B",0.203377389116213
"5","B",0.957270312821493
"6","B",0.126647167606279
